{"stats":{"minecraft:custom":{"minecraft:open_barrel":8,"minecraft:time_since_rest":132608,"minecraft:open_chest":1,"minecraft:crouch_one_cm":835,"minecraft:sprint_one_cm":115386,"minecraft:play_time":132608,"minecraft:walk_one_cm":124830,"minecraft:sneak_time":4491,"minecraft:drop":1,"minecraft:jump":1717,"minecraft:leave_game":10,"minecraft:time_since_death":132608,"minecraft:climb_one_cm":1033,"minecraft:total_world_time":407097,"minecraft:interact_with_crafting_table":1,"minecraft:fly_one_cm":1463171},"minecraft:picked_up":{"minecraft:wooden_axe":1},"minecraft:used":{"minecraft:glass":10,"minecraft:glow_item_frame":7,"minecraft:lava_bucket":1,"minecraft:diamond_block":26,"minecraft:writable_book":47,"minecraft:repeater":12,"minecraft:redstone_lamp":5,"minecraft:comparator":1,"minecraft:azalea_leaves":13,"minecraft:grass_block":1,"minecraft:redstone":56,"minecraft:lime_wool":69,"minecraft:gold_block":292,"minecraft:sandstone":126,"minecraft:cherry_sign":3,"minecraft:diamond_ore":59,"minecraft:barrel":7},"minecraft:dropped":{"minecraft:wooden_axe":1}},"DataVersion":3465}