{"stats":{"minecraft:custom":{"minecraft:jump":1,"minecraft:time_since_rest":5735,"minecraft:leave_game":1,"minecraft:play_time":5735,"minecraft:time_since_death":5735,"minecraft:walk_one_cm":270,"minecraft:sneak_time":321,"minecraft:total_world_time":7444,"minecraft:interact_with_crafting_table":1,"minecraft:fly_one_cm":90667,"minecraft:open_chest":1,"minecraft:open_barrel":3},"minecraft:used":{"minecraft:redstone":36,"minecraft:glass":7,"minecraft:writable_book":9,"minecraft:repeater":1,"minecraft:comparator":1,"minecraft:book":3}},"DataVersion":3465}