{"stats":{"minecraft:used":{"minecraft:redstone_torch":3,"minecraft:white_wool":2,"minecraft:black_wool":2,"minecraft:light_gray_wool":4,"minecraft:glass":11,"minecraft:glow_item_frame":10,"minecraft:lever":16,"minecraft:repeater":4,"minecraft:diamond_block":8,"minecraft:lava_bucket":13,"minecraft:redstone_lamp":31,"minecraft:comparator":16,"minecraft:written_book":1,"minecraft:light_blue_wool":9,"minecraft:redstone":87,"minecraft:lime_wool":5,"minecraft:gold_block":407,"minecraft:oak_sign":2,"minecraft:orange_wool":12,"minecraft:chest":1,"minecraft:sandstone":212,"minecraft:cherry_sign":5,"minecraft:red_dye":1,"minecraft:diamond_ore":32,"minecraft:glow_ink_sac":1,"minecraft:writable_book":100,"minecraft:barrel":2},"minecraft:picked_up":{"minecraft:spruce_planks":1},"minecraft:custom":{"minecraft:open_barrel":12,"minecraft:time_since_rest":563,"minecraft:crouch_one_cm":1570,"minecraft:sprint_one_cm":80381,"minecraft:play_time":94051,"minecraft:deaths":2,"minecraft:walk_one_cm":105192,"minecraft:sneak_time":1931,"minecraft:drop":1,"minecraft:jump":782,"minecraft:leave_game":9,"minecraft:time_since_death":536,"minecraft:total_world_time":136429,"minecraft:fly_one_cm":681658},"minecraft:dropped":{"minecraft:spruce_planks":1}},"DataVersion":3465}